post_id,subreddit,title,text,score,num_comments,created_utc,url,author,upvote_ratio,is_recommendation_request
1kvsluk,FoodToronto,"What did you eat this weekend/week (May 26, 2025)",What/where did you eat this past weekend? What are some spots you plan to check out this week? Any recommendations?,1,9,2025-05-26 08:01:53,https://www.reddit.com/r/FoodToronto/comments/1kvsluk/what_did_you_eat_this_weekendweek_may_26_2025/,AutoModerator,0.67,True
1kx8ag2,FoodToronto,"Why does every hidden gem in Toronto require a 45-minute streetcar ride, two transfers, and emotional resilience?","Nothing says delicious discovery like navigating TTC like it‚Äôs a boss level. I'm just trying to eat dumplings, not audition for The Amazing Race: Spadina Edition. Meanwhile, tourists are like, ‚ÄúWe found this cute spot in the PATH.‚Äù Stay strong, food warriors - map, munch, repeat.",257,78,2025-05-28 00:36:57,https://www.reddit.com/r/FoodToronto/comments/1kx8ag2/why_does_every_hidden_gem_in_toronto_require_a/,tiagattro,0.85,True
1kxr4yc,FoodToronto,What to eat after stuck in ER,"Hi. I‚Äôve been in TGH ER since 9am today, with no sign of them letting me go just yet. I imagine I‚Äôll have to eat something before I head home. Any good spot to eat around Toronto General Hospital? Thank you for your input in advance!! 

Edit: I‚Äôm here for broken bones, so no restrictions",6,3,2025-05-28 16:09:53,https://www.reddit.com/r/FoodToronto/comments/1kxr4yc/what_to_eat_after_stuck_in_er/,Think_Slip1590,0.88,True
1khapbx,FoodToronto,"too many places relying on sugary, mayo-based, sauces to cover up fundamentally mediocre product.","i‚Äôve been noticing this more and more the last couple years, particularly among shawarma and d√∂ner spots, but elsewhere too, that they just douse the protein to hell with sugary, often mayo-based, sauces, to the point where the sauces sweetness completely obliterates the foods inherent character. places just dress up the suck with sauce. that is all. ",400,99,2025-05-07 18:36:14,https://www.reddit.com/r/FoodToronto/comments/1khapbx/too_many_places_relying_on_sugary_mayobased/,migrantgrower,0.96,True
1krhl6o,FoodToronto,What's a Toronto restaurant that 100% lived up to the hype?,"I feel like a common trend in Toronto restaurant and food circles is a restaurant getting HUGE buzz followed by large sections of the public saying it's overrated.

Is there a highly regarded restaurant in the city, perhaps one you were first skeptical about, where the food lived up to the hype?

For me, I think Maha's tops the list. I shudder about standing in line for brunch, but the three times I've been, it's been well worth the wait. ",399,437,2025-05-20 18:04:18,https://www.reddit.com/r/FoodToronto/comments/1krhl6o/whats_a_toronto_restaurant_that_100_lived_up_to/,LibraryNo2717,0.96,True
1kuum76,FoodToronto,Why every bagel shop in Toronto is a tight ass with salmon bagels?,"Genuinely baffled. Went to kettlemans bagel, got a smoked salmon and cream cheese bagel (as they always try to advertise), paid close to $15 and to my horror, ONE slice of salmon, thought I was being trolled. The lady who worked there said that‚Äôs what they serve 1-2 slices typically, excuse me what? The exact same situation in what a bagel a measly slither for $14 and Simmit and chai. How are these places getting away with this? If you go to a bagel shop in NY you get a generous (usually stuffed) salmon bagel and yes it‚Äôs expensive but it‚Äôs worth it. Here these places are charging crazy prices for measly servings. Can someone please recommend a good spot preferably close to downtown that delivers fair servings?",337,103,2025-05-25 01:01:11,https://www.reddit.com/r/FoodToronto/comments/1kuum76/why_every_bagel_shop_in_toronto_is_a_tight_ass/,Few-Strategy-59,0.96,True
1kbwor2,FoodToronto,Best Fish and Chips in the city,"It‚Äôs my moms bday tomorrow and she absolutely loves fish and chips. I want to take her to the best spot in the city, so Reddit, help me out, where can I find the best Fish and Chips in Toronto? 

This pic is from Fresco‚Äôs Fish and Chips in Kensington Market but looking for more of that authentic British sit down vibe. ",307,118,2025-04-30 21:12:11,https://i.redd.it/8j5xavskm2ye1.jpeg,Muff-2530,0.98,True
1knqbpp,FoodToronto,$4.25 Smash Burger - Hyper Fresh,"Found these smash burgers for under $5 at a grocery store in Thornhill. Hyper Fresh Market, 118 Doncaster Ave. Deal link is in the comments. Crazy hidden gem. 

Perfectly cooked patty, caramelized onions, super great price. Would love to hear of any other cheap recommendations for burgers under $5. ",296,68,2025-05-15 22:42:41,https://i.redd.it/zhdxhw9e421f1.jpeg,hdls_,0.96,True
1kxup0z,askTO,Tips for someone who hasn't been to Wonderland in 20+years?,"Any tips for an adult who hasn't been to Wonderland since at least the early 2000s (when I was a kid)?

Best times to go? Best rides? Best food?",22,41,2025-05-28 18:34:39,https://www.reddit.com/r/askTO/comments/1kxup0z/tips_for_someone_who_hasnt_been_to_wonderland_in/,MotherAd1865,0.89,True
1kxthjx,askTO,Why doesn‚Äôt the City have 24/7 roadwork crews during construction season?,"Every time I drive around Toronto during construction season, I see blocked off lanes and half-completed work zones ‚Äî but no one is actually working. Day after day, the same lanes are closed, yet there‚Äôs no activity during evenings, overnights, or even weekends in many cases.

This city is gridlocked for months at a time, and it inconveniences thousands of people daily. With the volume of commuters, deliveries, emergency services, and public transit impacted ‚Äî why aren‚Äôt we working around the clock to get this stuff done faster?

I know the city recently made allowances for certain extended construction hours, which is a start ‚Äî but why not go all the way to 24/7 work, especially on major infrastructure like highways? (ie. Gardiner) Most of that work doesn‚Äôt generate disruptive sound pollution for nearby residential areas anyway, so what‚Äôs the holdup?

Instead of these projects dragging on for 2‚Äì3 years, we could realistically cut timelines in half (or less) with around-the-clock shifts. There are also plenty of labourers and tradespeople currently looking for steady work. Wouldn‚Äôt this be a win-win?

Is the issue budget? Union contracts? Genuinely curious what‚Äôs stopping this from happening. Or do they just want us to suffer?

If anyone works in the industry or has insight, I‚Äôd love to understand the reasoning?",24,27,2025-05-28 17:43:18,https://www.reddit.com/r/askTO/comments/1kxthjx/why_doesnt_the_city_have_247_roadwork_crews/,jump5back,0.78,True
1kxqxxd,askTO,Weekend in Toronto,"Hi everyone, 

My 93 year old grandfather is a big MLB fan, and has had a dream for a long time of visiting every park in the league. So as a birthday, my mother and I are surprising him with a trip to Toronto to see the Blue Jays play the White Sox, his favorite team and to check Rogers Centre off his list. (No idea why he picked that team to be a fan of but that's his cross to bear lol)

I created a basic itinerary more or less, with the typical stuff like the CN tower observation deck, ROM, St Lawrence Market, Harbourfront+a boat ride etc, but I want to try out and bring him around to more cool spots in the city that aren't as egregiously touristic in nature. Does anyone have any ideas of cool spots or restaurants that aren't as tourist trappy type? My family coming along loves food so there are no restrictions of any kind, whether it be the typical American/Canadian fare like burgers and what not or more ethnic places. We're from Chicago so we are well versed in city restaurants and the diversity they include. Potentially any type of Indian or Filipino, or any ethnicity/restaurant that is common in the GTA but not in Chicago? (That's a hard ask I know, two cities with large immigrant backgrounds) We're already gonna hit Timmy's to check out the hype and see if it's better than Dunkin lol

The only issue is that his knees have given out and in the past few years he's developed a few mobility issues, so we'll probably be bringing a little wheelchair to use here and there. Accessible places would be nice but are not 100% necessary, it's not like he can't walk at all and he still has some pep in his step. We're staying at some hotel right nearby Scotiabank but my mother might be renting a car (tbd) so ideas for any cool spot worth a trek in the GTA would be nice. 

Thanks everyone and go leafs go",25,26,2025-05-28 16:02:01,https://www.reddit.com/r/askTO/comments/1kxqxxd/weekend_in_toronto/,dlngrc,0.96,True
1kxsf43,askTO,Finance advice,"Hi everyone,

I recently secured a new job paying a lot of money and i am a recent college graduate. My question for you is- if money was not an issue, what would you do for fun in ontario?

I have been so used to living paycheck to paycheck during my undergrad, that i let myself miss out on a lot of fun opportunities. I want to know what people do for fun who can afford it.",5,31,2025-05-28 17:00:22,https://www.reddit.com/r/askTO/comments/1kxsf43/finance_advice/,franz_the_goat,0.69,True
1kxq22r,askTO,travel Canada day week to Toronto,"My husband, kids (2 x 11 yrs old) and I are travelling to Toronto for Canada day week, we arrive super early in the morning of Monday the 30th (the day that seems to be being clocked as the canada day stat holiday off) and might not be able to check in that early - looking for some interesting options to do /go for breakfast and rest of the morning while we wait for check in time (could be as late as 3pm). our hotel is near the airport and we are not renting a car - planning to use train/bus/subway and uber. looking for any recommendations that would be both open and fun and not super tiring as the kids will probably be lower energy. Also for July 1 - it seems like there's a million different places doing Canada day festivities and fireworks. are there any that are typically ""the best?"" the ones we have in our home town are pretty lame with a bouncy castle, a wedding singer and like 3 minutes of fireworks so anything will probably be better - but would be awesome to hear locals perspectives of which ones are really good.

update/edit to add: after many folks concerned over the location of our hotel - i will mention after looking through a couple rental places I might be able to get a car that will fit us all for \~ $350. would that be worth it? considering Uber/UPS Pearson train costs back and forth,. we dont care much about travel time unless its over an hour long trip? any insights are appreciated!!",6,29,2025-05-28 15:27:00,https://www.reddit.com/r/askTO/comments/1kxq22r/travel_canada_day_week_to_toronto/,neffaria,1.0,True
1kxrtpz,askTO,Looking for feedback on The Veterinary Emergency Clinic- Dr. Sharon French (cat dental surgery)..Thank you so much in advance!,"Hi fellow pet parents,  


I‚Äôm looking into dental surgery (possible tooth extractions) for my cat and came across **Dr. Sharon French, DVM**. Has anyone here had experience with her ‚Äî especially for feline dental procedures like extractions?

Would love to hear:

* How your cat‚Äôs procedure and recovery went
* What your overall experience was like with her and the clinic
* How their **pricing compares** to other dental vets in the GTA
* Any other **affordable but good vet clinics/dentists** you‚Äôd recommend for cat teeth extractions?

Thanks in advance ‚Äî any tips or feedback would really help me make an informed decision! üêæ <3 ",3,4,2025-05-28 16:37:06,https://www.reddit.com/r/askTO/comments/1kxrtpz/looking_for_feedback_on_the_veterinary_emergency/,Shinegirl13456,0.8,True
1kxohed,askTO,Does anyone have recommendations for lightweight necklaces made or sold locally?,I'm interested in getting a lightweight silver pendant necklace for daily wear. I've looked at a few websites but haven't found anything I like. Does anyone have any suggestions on where they buy their necklaces? Thanks!,4,19,2025-05-28 14:24:21,https://www.reddit.com/r/askTO/comments/1kxohed/does_anyone_have_recommendations_for_lightweight/,collectingcatmint,0.83,True
1kxtpoz,askTO,Want to learn fishing,Looking to learn it as a hobby. Have never fished before. Have some second hand equipment gifted by a family member. Are there any popular in-person ways for me to learn from an instructor? Perhaps from a fishing supplies store? Any recommendations on how to get started would be deeply appreciated. ,2,2,2025-05-28 17:52:30,https://www.reddit.com/r/askTO/comments/1kxtpoz/want_to_learn_fishing/,Tight-Essay-8332,1.0,True
1kf4ynm,askTO,Moving from Canada to USA for 170k CAD to 290k USD,"My brain is telling me to go, but what are some unexpected downside I might be overlooking? (Health care, insurance, etc).

Would appreciate opinions.

For details, would be a move from Toronto to Seattle.

",909,1231,2025-05-05 02:32:40,https://www.reddit.com/r/askTO/comments/1kf4ynm/moving_from_canada_to_usa_for_170k_cad_to_290k_usd/,mo-e-mo-e,0.81,True
1kg9cho,askTO,Was I wrong to wait for someone else to run onto the bus?,"This morning I got on one of the ttc busses and as I was getting on I saw a girl running to the stop (she was about 5 metres away) so I lowkey stepped into the entrance, checked my presto balance for like 2 seconds then continued, just so the girl had enough time to get on. After I did that, the bus driver screams at me and told me that next time he will leave me on the side of the road and that he knows where I‚Äôm going (idk how he knows). The bus was actually running a couple minutes early so i didn‚Äôt really think much about the extra 5 seconds I might‚Äôve wasted.

Next stop someone else was running to the bus too and just about made it in front of the doors but he shut them on her and took off. 

I understand ttc drivers have a schedule to follow and deal with a lot but I feel as though he didn‚Äôt have to threaten me and I‚Äôm not sure what he means by saying he knows where I‚Äôm going (I‚Äôm a girl so this is kinda creepy if he does know). 

I thought it‚Äôd be a somewhat nice thing to do bc I get the stress of missing a bus but maybe it was stupid of me bc I guess most people should plan ahead of time? I‚Äôm not sure but idk if it was ok to be yelled at like that.  ",684,127,2025-05-06 12:48:12,https://www.reddit.com/r/askTO/comments/1kg9cho/was_i_wrong_to_wait_for_someone_else_to_run_onto/,PerformerLeather150,0.96,True
1kuo0jy,askTO,"My boyfriend wants to eat ""white people Chinese food"". Any suggestions?","My boyfriend is Canadian, I'm not. Last weekend we did ""white people taco night"" with Old El Paso taco kit. 

He grew up in Aurora and says the inauthentic Chinese food they had there was some of the best, and yes craving it. 

Any suggestions for restaurants in downtown Toronto? Willing to travel to the beaches or Trinity Bellwoods :) ",433,507,2025-05-24 18:49:51,https://www.reddit.com/r/askTO/comments/1kuo0jy/my_boyfriend_wants_to_eat_white_people_chinese/,retchedBreak,0.87,True
1khpj9b,toronto,Toronto Hidden Gems May 2025 [megathread],"Show us your Toronto hidden gems!

In this monthly thread we're relaxing the rules about promotion to let everyone share their hidden gems in Toronto, even if its self promotion. 

Know about something great in town you think others should check out? Let everyone know here.",25,17,2025-05-08 09:01:23,https://www.reddit.com/r/toronto/comments/1khpj9b/toronto_hidden_gems_may_2025_megathread/,AutoModerator,0.82,True
1kxd2yn,toronto,Elevator Assault in the GTA,"So I was coming back from a walk yesterday and got on the elevator with an older man with whitish hair. He had a huge dog and told me he was Iranian. He then continued to ask how old I was, which I didn't think much of, since I thought he was trying to be a friendly grandpa. He then continued to repeated say, ""you're a beautiful baby, do you know that that? You're a beautiful baby."" After that he tried to squeeze my jaw/cheeks, put his hand behind my neck and tried to push my head into his for a kiss. :c At that moment I finally snapped back and asked him what he was doing, to which he responded ""I just want to know you better, do you want to have my contact?"" Of course I said no, but he was persistent and even wanted to hold my hand before he got off (he was reluctant to get off the elevator too).
For what happened, I'm wondering if I should call the police or at least tell the building superintendent.
 
I rent an apartment, and this man lives in the same building as me. This has never happened to me before, and I'm just starting to realize how not ok it was for him to behave this way. I feel I should do something not only to protect myself, but also protect the other females in this building and elsewhere against this sexual harasser. Does anyone know what I should do in this situation? I really need some advice and help. :(",492,75,2025-05-28 05:50:46,https://www.reddit.com/r/toronto/comments/1kxd2yn/elevator_assault_in_the_gta/,mapleccino_1679,0.96,True
1kxfyxg,toronto,Does anyone know where this photo was taken?,Seen this on Instagram and just wondered where this was taken.,273,46,2025-05-28 08:36:33,https://i.redd.it/wimuoc9api3f1.jpeg,Overall-Caterpillar2,0.95,True
1kdzmqi,toronto,Something really does need to be done about 6ixBuzz impact on Youth.,"6ixBuzz is pretty much the news page for most youth, however they always stew news to get more clicks and attract more hateful thinking on the matter. The comments are just disgusting and the right wing extremism they push oof. Even in my family, I had talks with multiple teens who only get news from that page, and in conversations they say some wild disgusting on certain topics and when I correct them they don‚Äôt have an answer. I honestly feel like Gen Z men are gonna be a big strain on society with the ways they only believe information from these horrible ‚Äúnews‚Äù pages (Not all of course but u guys get the point of the brainwashed ones). ",2892,338,2025-05-03 14:26:16,https://www.reddit.com/r/toronto/comments/1kdzmqi/something_really_does_need_to_be_done_about/,RevolutionaryHawk137,0.91,True
1ke63nn,toronto,Am I an ahole for messaging 311 bout these cars?,For context this is at Mill Rd & Rathburn Loop. The left side of the loop is a 'No stopping' & the right is a 'No Parking'. These cars are forcing TTC busses to detour. Anyways I submitted a complaint on the 311 app and parking enforcement came in like 15 mins lol! Surprised how quick he came. He ended up giving around 27 people tickets.,1924,307,2025-05-03 19:26:27,https://www.reddit.com/gallery/1ke63nn,el-dozer,0.94,True
1khd5t3,TorontoEvents,"Reddit Toronto May Meetup: Sat. May 17 @ Queen & Broadview, 7:00 p.m. start","Come drink, eat, and hang out with fellow Toronto Redditors looking to make friends and connect on Saturday, May 17, at the Toronto Reddit May meetup - The Long Weekend May 2-4 Edition! It's free to attend and there is no official RSVP, however our reservation requires each person to order something, even if it's just a glass of soda.

We're changing our venue this time to [Duke's Refresher Riverside](https://dukesrefresher.ca/riverside/food/) at 709 Queen Street East (Queen and Broadview), as our regular venue The Artful Dodger closes their upstairs area over the summer.

If you've never been to a Reddit meetup, everyone is very welcoming and conversations always extend beyond the Reddit platform itself, with no questions about your username. If you are returning, you'll likely recognize some faces, but there are always new folx to meet.

**FAQ:**

* **How do I find the group?:**¬†We'll be on the second level of Duke's Refresher.
* **Am I welcome?:**¬†Everyone is welcome, from visitors to newcomers to people looking to make new friends.
* **Will people my age be there?:**¬†Based on my experiences over the years, the average age of attendees is 20-40.
* **Will women be there?:**¬†Yes! I'm a woman, so you won't be the only woman there.
* **Will I make new friends/connections?:**¬†Everyone who attends is looking for a different experience, but the commonality is getting out, meeting new people and having a good time. I have been attending since 2018 & hosting since 2022. I've made friends I've traveled with and attended some weddings and I still keep in touch with a few out-of-towners. You can make these connections from attending a single (1) meetup (I've seen it happen a lot), so if you're thinking it will be a waste of time to come just once, it's not - anything is possible.
* **How often do you have these events?:**¬†I aim to host one event a month. These have typically been Saturdays starting between 7-8 p.m. I aim to post my events with reasonable notice, including reminders.
* **Does it cost money to attend?:**¬†Though there is no cost to attend the event itself, we ask that you purchase a drink and/or food to support the venue, as they have to turn away other paying customers to fill our reservation. If you do not wish to eat or drink anything, you could tip $5-10 to the staff as a courtesy.
* **What are the food/drink options like?:**¬†There are vegetarian, vegan and non-alcoholic options available, and they are allergy-friendly.¬†[Menu link](https://dukesrefresher.ca/riverside/food/)
* **Is the venue accessible?**¬†Unfortunately, the venue has stairs and is not fully accessible.

If you have any questions, feel free to leave a comment publicly or message me privately. I keep an eye on my account leading up to and during the event, and though I try to respond to messages as soon as possible, I may not be able to reply right away during the event.

If you read all of that, kudos! If not, see TL;DR below.

your hosts,¬†u/imop44¬†and¬†u/nervousTO.

**TL;DR:**¬†This unofficial Reddit meetup is Saturday, May 17, at 709 Queen Street East (Queen & Broadview). Starts at 7:00 p.m., ends when the last people leave or the bar closes. Everyone is welcome and there is no RSVP, but attendees are required to make a purchase at the venue as part of our reservation's conditions. I'll be keeping an eye on post comments and my messages between now and Saturday the 17th, so please connect with me if you have any questions.",2,2,2025-05-07 20:33:39,https://www.reddit.com/r/Torontoevents/comments/1khd5t3/reddit_toronto_may_meetup_sat_may_17_queen/,nervousTO,0.67,True
1kxq5pa,TorontoEvents,"Toronto, what if a fashion show told a story? EVENT EUPHORIA at DPRTMNT.","**Toronto, ready for a fashion show that's actually a story? ü§Ø**

Ditch the typical runway. This isn't just about clothes; it's about a journey through loneliness, peer pressure, and finding yourself, brought to life by three incredible designers (**KCK, Zyba, Anton Styntsov**) right here at **DPRTMNT** ‚Äì one of our city's most iconic spots.

Imagine: a fashion show that feels more like an immersive experience, then an exclusive after-party with a live DJ to dance the night away. If you're looking for something genuinely different to do in Toronto, this is it.

**Curious? See what the hype's about:** [EVENT LINK](https://www.eventbrite.com/e/euphoria-fashion-show-tickets-1339264057849?aff=TetianaBeiliukina)

\#TorontoEvents #TorontoFashionShow #FashionShow #DPRTMNT #SupportLocalDesigners #EuphoriaFashion",1,0,2025-05-28 15:30:59,https://www.reddit.com/r/Torontoevents/comments/1kxq5pa/toronto_what_if_a_fashion_show_told_a_story_event/,vladbielov,0.67,True
1kxotc9,TorontoEvents,Venue Hunt,"Hey everyone,

Does anyone have any contacts for event spaces in the downtown area? 

Looking for stripped back spaces, blank canvases etc, could be disused retail, industrial warehouses, anything‚Ä¶

2000 sq ft+ for the end of June please.

Any leads whatsoever greatly appreciated!",1,2,2025-05-28 14:37:30,https://www.reddit.com/r/Torontoevents/comments/1kxotc9/venue_hunt/,WCBTopia,1.0,True
1kwrfdo,TorontoEvents,TORONTO! Looking for the perfect way to spice up your Monday night without breaking the bank?,"Come laugh your face off at Sneaky Dee‚Äôs this Monday at 8:30 PM (doors at 8)!

Live stand-up comedy, an epic mix of local and touring comics, half-price food, and early bird/group ticket deals ‚Äî what more do you need?

üìçSneaky Dee‚Äôs (431 College St.)
‚è∞ Monday @ 8:30 PM

Why?! Because Mondays suck... unless you‚Äôre at 60mins Comedy Night.

Grab your friends, your date, or just your appetite ‚Äî this is your new Monday tradition.

Tickets: https://www.eventbrite.ca/e/60mins-comedy-night-at-sneaky-dees-tickets-1258078359239",2,0,2025-05-27 12:16:58,https://www.reddit.com/r/Torontoevents/comments/1kwrfdo/toronto_looking_for_the_perfect_way_to_spice_up/,Key_Mortgage_6566,1.0,True
1kwrf3v,TorontoEvents,C'mon Get Up: Comedy Thursday May 29 @ Wenona Lodge (Bloor and Dufferin) 8pm and 10$ tickets,"If you're looking for a cheap date night, come to the intimate basement of the best bar in Toronto -- WENONA LODGE -- this week we have an insanely good lineup of the best comedians in Toronto and some special out-of-town guests. The show is chaotic, crazy and just a good @$$ time. Tickets are only 10$ and there is karaoke after every show. Everyone is a winner.

TICKET LINK: [https://www.eventbrite.ca/e/cmon-get-up-comedy-tickets-1355880086839?aff=oddtdtcreator](https://www.eventbrite.ca/e/cmon-get-up-comedy-tickets-1355880086839?aff=oddtdtcreator)",1,0,2025-05-27 12:16:39,https://www.reddit.com/r/Torontoevents/comments/1kwrf3v/cmon_get_up_comedy_thursday_may_29_wenona_lodge/,jackhirschfield,1.0,True
1kwqp84,TorontoEvents,Hassan Phills Comedy Show Dates - Work in Progess,"Toronto!  
  
If you're looking for something to do this summer, Hassan Phills is bringing back his Work In Progress series alongside some of my favourite comics at Comedy Bar Danforth. Tickets start at $28.

It's an opportunity for Hassan and other talented comedian friends to try out and workshop material they've never done in front of an audience. Some entertaining shows.  
  
Tickets below for multiple dates:  
[https://comedybar.ca/shows/hassan-phills-work-in-progress](https://comedybar.ca/shows/hassan-phills-work-in-progress)",1,0,2025-05-27 11:48:55,https://www.reddit.com/r/Torontoevents/comments/1kwqp84/hassan_phills_comedy_show_dates_work_in_progess/,DoorTraditional9311,1.0,True
1kwakdi,TorontoEvents,I'm throwing a party next to Dundas Square!,"Heyy everyone, I've been lurking this sub for a while now to find events (as we all are) and I'm organizing an open bar rooftop party on the 31st and I thought this would be a perfect place to talk about it (hopefully self promo is allowed here, not sure).

Anyways, my name is Trae, I run these events called Block Party in Montreal and Toronto based on the mentality of throwing house parties at club attendance and amenities. Moving here for university, I found the nightlife scene wasn't the same as my hometown, Toronto seems to be very business oriented versus creating the most enjoyable event for people and I'd like to change that (with my minimal budget and a lot of friends from university). I'm throwing an event called NO FLYERS on the 31st and hopefully people here enjoy the concept of a Toronto event where we're all enjoying ourselves at the same price point, with good music and vibes. Starts at 7, will put the link below and feel free to dm me with any questions/suggestions!

https://www.ticketgateway.com/event/view/block-party-open-bar

 Hope to see you all there!",2,0,2025-05-26 20:58:57,https://www.reddit.com/r/Torontoevents/comments/1kwakdi/im_throwing_a_party_next_to_dundas_square/,ohmygodmaggle,0.63,True
1kot7e8,TorontoEvents,üî•May 17th - Cannabis Comedy Club Toronto Presents: Lit Comedy,"**Cannabis Comedy Club - Voted Toronto's Best New Comedy Club!**

If you're a fan of comedy and cannabis, you won't want to miss our weekly Saturday Night Comedy Shows! This unique event takes place at Club Lit, a legally operated cannabis consumption lounge that's perfect for a night of cannabis and comedy. Each show features a pro line up of Toronto's best comedians. Shows usually sell out early, so get your tickets before they are gone.

Featuring: Winny Clark, Matt Render , Derek Holly 

Headliner:

Doug Koning

**Click Link for Tickets:**

**https://www.eventbrite.ca/e/cannabis-comedy-festival-presents-lit-comedy-tickets-1141265619189?**",16,0,2025-05-17 09:37:45,https://www.reddit.com/r/Torontoevents/comments/1kot7e8/may_17th_cannabis_comedy_club_toronto_presents/,poonam3123,0.95,True
1kj9g4c,TorontoEvents,üî•May 10th - Cannabis Comedy Club Toronto Presents: Lit Comedy,"Cannabis Comedy Club - Voted Toronto's Best New Comedy Club!

If you're a fan of comedy and cannabis, you won't want to miss our weekly Saturday Night Comedy Shows! This unique event takes place at Club Lit, a legally operated cannabis consumption lounge that's perfect for a night of cannabis and comedy. Each show features a pro line up of Toronto's best comedians. Shows usually sell out early, so get your tickets before they are gone.

Host: Marco Giorgio 

Kanin Kuntz , Ben Albert, Raphael Loucadellis

Headliner Marlon Palmer

Click Link for Tickets:[https://www.eventbrite.ca/e/cannabis-comedy-festival-presents-lit-comedy-tickets-1141265619189](https://www.eventbrite.ca/e/cannabis-comedy-festival-presents-lit-comedy-tickets-1141265619189)?",16,0,2025-05-10 08:45:31,https://www.reddit.com/r/Torontoevents/comments/1kj9g4c/may_10th_cannabis_comedy_club_toronto_presents/,poonam3123,1.0,True
1ks3sux,TorontoEvents,üî•May 24th - Cannabis Comedy Club Toronto Presents: Lit Comedy,"Cannabis Comedy Club - Voted Toronto's Best New Comedy Club!

If you're a fan of comedy and cannabis, you won't want to miss our weekly Saturday Night Comedy Shows! This unique event takes place at Club Lit, a legally operated cannabis consumption lounge that's perfect for a night of cannabis and comedy. Each show features a pro line up of Toronto's best comedians. Shows usually sell out early, so get your tickets before they are gone.

Featuring: David Sealy, Joe Fish, Ben Mckay, Freddy Jan

Headliner: Kerby Darius

**Click Link for Tickets:** [**https://www.eventbrite.ca/e/cannabis-comedy-festival-presents-lit-comedy-tickets-1141265619189?**](https://www.eventbrite.ca/e/cannabis-comedy-festival-presents-lit-comedy-tickets-1141265619189)",12,0,2025-05-21 13:31:43,https://www.reddit.com/r/Torontoevents/comments/1ks3sux/may_24th_cannabis_comedy_club_toronto_presents/,poonam3123,0.94,True
1kcafnk,TorontoEvents,SHRIMP DADDY COMEDY,"Get ready for a one night memorable event with Canada's funniest headliners and featuring special guests. You miss this, you‚Äôve missed out!

Tickets: https://comedybar.ca/shows/shrimp-daddy

Featuring:

FARAZ NIAFATTAH

Faraz Niafattah is a Toronto-based standup comedian whose deadpan delivery and colorful choice of words leaves audiences wanting more, he is often described as a crowd favorite for his relatable humor. Faraz can be seen regularly at many Toronto Clubs including Absolute Comedy, The Corner Comedy Club and Yuk Yuk‚Äôs. He‚Äôs performed at Just for Laugh Toronto, Don‚Äôt Tell Comedy, as well as The Haymaker Comedy Festival. In 2024, he was featured at the VAIL Comedy Festival in Denver, Colorado, The Limestone Comedy Festival in Indiana, and on CBC‚Äôs Laugh Out Loud network. In January 2025, he performed at Sketchfest in San Francisco and Hubcap festival in Moncton, NB. 

@gypsytears69

CAMERON PHOENIX

Before becoming a staple of the Toronto comedy scene, Cameron Phoenix spent time honing his craft in Montreal and the UK, winning the prestigious King Gong Competition at the Comedy Store. He has done the Edinburgh Fringe multiple years in a row as well as Just For Laughs (Both Montreal and JFL 42 in Toronto). He currently produces The Gong Show at the Comedy Bar and is one half of the successful Twitch stream Little Dinky News.  Cameron was a finalist in the JFL Stand-Up and Pitch program.  He has opened for Colin Mochrie numerous times, and his JFL Originals recording releases on January 15th across all streaming platforms.

@cam.phoenix

TODD GRAHAM

For over three decades Todd Graham has been one of Canada‚Äôs top comedic artists. His 1987 pre-internet mash-up, Apocalypse Pooh has been celebrated by Film Threat, Complex, CineAction, The Believer and The Whitney Museum of Art. The short film was featured by CBC Toronto and since going online has gained over two million views. As a stand-up comedian Todd‚Äôs performed at the Just For Laughs Festival as well as at multiple Galas at the Winnipeg Comedy Festival, JFL 42, Kitchener-Waterloo Festival and NXNE. His comedy has been showcased on national television with CBC, CTV Comedy Channel and iChannel and his debut album, Bustin‚Äô Loose! can regularly be heard on SiriusXM

@idiotgallant

GREG PALONE

Greg Palone is a Canadian comedian from Oakville, Ontario, who balances life as an aspiring accountant by day and a stand-up comic by night. Known for his charismatically bold comedy style, Greg thrives on reading the room and delivering the lines no one else dares to say. With over 100 million video views online, appearances on CBS, and performances at the Dark Comedy Festival, Greg has captivated audiences across Ontario. He‚Äôs also had the honour of opening for the late Canadian comedy icon Mike Bullard, solidifying his place as one of the youngest stars in comedy.

@gregpalone

ALISTAIR OGDEN

One of Canada‚Äôs rising comedic talents, he first appeared in the national spotlight when he won CBC‚Äôs Next Up Competition in 2019. Since then, he's taped televised stand up sets for the Halifax Comedy Festival, CBC‚Äôs New Wave of Stand Up, been featured on a Just For Laughs Originals comedy album, and released his debut half-hour special ‚ÄúAlistair Ogden Does His Best‚Äù. His videos have garnered over 10 million views across Instagram, TikTok, and YouTube and he's been repeatedly featured as part of the Just For Laughs festivals in Vancouver and Toronto. You can now catch him regularly at Don‚Äôt Tell Comedy shows and comedy clubs across North America.

@alistairogden

AND SPECIAL GUESTS!
",6,1,2025-05-01 10:43:05,https://www.reddit.com/r/Torontoevents/comments/1kcafnk/shrimp_daddy_comedy/,thesultanofspeed,0.88,True
